feature,importance
OverallQual,0.11816532941584103
GrLivArea,0.08896018393530027
YearBuilt,0.08057000744033321
GarageCars,0.053185349340157714
OverallCond,0.04712558972268226
BsmtFullBath,0.0371733786145433
Fireplaces,0.03083642174357776
MSSubClass,0.029146204878781133
YearRemodAdd,0.027744513445339215
TotRmsAbvGrd,0.02264185651778666
